id;nom;lieu;ville
1;multi-byte user-facing;Baby Frozen system;back-end tan Sports
2;Kansas Mobility Macao;Savings Account Gorgeous;Unions Baby
3;Ridges;Assimilated;strategic
4;approach Grocery;24/7 card Solomon Islands;Buckinghamshire
5;one-to-one Configuration calculating;Iowa;input Practical Steel Chair modular
6;Avon;Sleek redefine;Robust withdrawal
7;synergize interactive Savings Account;partnerships;bluetooth Auto Loan Account Buckinghamshire
8;Garden hacking port;Incredible;partnerships
9;Refined indexing Danish Krone;payment Refined;orange synthesize
10;eyeballs;facilitate;Developer
